Id,Age,Weight,Height,Max_BPM,Avg_BPM,Resting_BPM,Session_Duration,Calories_Burned,Fat_Percentage,Water_Intake,Workout_Frequency,BMI
1,56,88.3,1.71,180,157,60,1.69,1313,12.6,3.5,4,30.2
2,46,74.9,1.53,179,151,66,1.3,883,33.9,2.1,4,32
3,32,68.1,1.66,167,122,54,1.11,677,33.4,2.3,4,24.71
4,25,53.2,1.7,190,164,56,0.59,532,28.8,2.1,3,18.41
5,38,46.1,1.79,188,158,68,0.64,556,29.2,2.8,3,14.39
6,56,58,1.68,168,156,74,1.59,1116,15.5,2.7,5,20.55
7,36,70.3,1.72,174,169,73,1.49,1385,21.3,2.3,3,23.76
8,40,69.7,1.51,189,141,64,1.27,895,30.6,1.9,3,30.57
9,28,121.7,1.94,185,127,52,1.03,719,28.9,2.6,4,32.34
10,28,101.8,1.84,169,136,64,1.08,808,29.7,2.7,3,30.07
11,41,120.8,1.67,188,146,54,0.82,593,20.5,3,2,43.31
12,53,51.7,1.7,175,152,72,1.15,865,23.6,3.5,3,17.89
13,57,112.5,1.61,195,165,61,1.24,1013,22.1,2.7,3,43.4
14,41,94.5,2,179,136,69,1.18,794,27.6,3.7,3,23.62
15,20,117.7,1.81,196,161,54,1.35,1195,26.4,3.3,3,35.93
16,39,42.5,1.75,181,131,52,1.13,740,26.2,2.1,2,13.88
17,19,64,1.53,166,167,58,1.33,1111,29.8,2.3,3,27.34
18,41,43.8,1.77,182,165,58,1.19,884,31.9,1.6,3,13.98
19,47,66.8,1.75,199,146,56,1.13,742,32.8,2.5,3,21.81
20,55,75.2,1.67,188,167,51,1.37,1030,25.2,2.2,2,26.96
21,19,89,1.77,175,127,72,1.5,1048,28.9,3.7,4,28.41
22,38,71.9,1.77,197,142,72,1.12,875,25.7,3.1,2,22.95
23,50,71,1.68,187,161,70,1.17,848,33.1,2.5,2,25.16
24,29,120.9,1.78,197,168,65,0.78,721,28.1,3.4,2,38.16
25,39,64.3,1.69,190,148,58,1.25,925,26.9,1.9,4,22.51
26,42,63.7,1.71,173,169,62,1.42,1080,26.1,1.8,3,21.78
27,44,65.2,1.8,192,139,68,0.73,502,27.2,2.7,2,20.12
28,59,53.9,1.75,168,135,69,1.48,989,21.6,2.8,4,17.6
29,45,84.9,1.86,186,136,66,1.64,1104,14.2,3.5,5,24.54
30,33,78,1.68,183,135,55,1.29,871,32.3,1.8,3,27.64
31,32,108.2,1.8,172,138,53,1.27,964,28.4,3.5,3,33.4
32,20,65.4,1.52,185,127,50,1.03,654,28,2.2,4,28.31
33,54,50.2,1.61,188,157,67,1.48,1046,28.2,2.7,2,19.37
34,24,58.9,1.51,187,157,68,1.04,816,31.7,2.5,2,25.83
35,38,81.4,1.71,187,148,58,1.52,1237,10.2,3.5,5,27.84
36,26,127.6,1.73,167,160,62,1.32,1162,27.3,2.9,3,42.63
37,56,59.3,1.56,182,155,57,1.26,879,33.4,2.6,4,24.37
38,35,96.9,1.71,188,145,72,1.34,1069,24.2,2.9,3,33.14
39,21,62.6,1.81,164,150,62,1.3,1072,27.6,3.5,4,19.11
40,42,45.5,1.6,166,163,64,1.31,1057,21.7,2.6,3,17.77
41,31,48.8,1.51,195,131,60,1.48,969,28.2,2,2,21.4
42,26,44.3,1.6,186,136,61,1.08,734,34.7,2,3,17.3
43,43,113.2,1.83,161,134,63,1.45,962,29.9,2.9,4,33.8
44,19,60.5,1.59,184,128,53,1.14,730,30.1,2.2,2,23.93
45,37,124.2,1.76,168,158,50,1.5,1304,29.3,2.8,2,40.1
46,45,52.4,1.85,186,161,73,1.2,956,25.2,2.5,3,15.31
47,24,54.7,1.74,160,167,53,0.84,772,22.9,3.6,3,18.07
48,25,88.1,1.95,182,131,68,1.41,1016,22.7,3,2,23.17
49,52,59.7,1.71,169,151,58,1.23,836,34.3,2,3,20.42
50,31,79.7,1.54,184,144,59,1.03,742,26.7,2.3,4,33.61
51,34,51,1.62,162,158,53,1.42,1122,30.8,2.4,3,19.43
52,53,84.2,1.76,165,137,69,1.67,1133,12.8,3.5,5,27.18
53,57,122.1,1.89,165,134,58,1.13,750,27.4,3.6,3,34.18
54,21,96.7,1.72,161,151,62,1.26,1046,25,2.8,3,32.69
55,19,73,1.79,177,125,61,0.81,506,27.7,1.6,3,22.78
56,23,114.8,1.6,182,163,60,1.47,1318,21.7,2.7,4,44.84
57,59,65.5,1.52,161,162,61,1.4,1021,31.2,2.1,3,28.35
58,21,50.3,1.52,171,154,67,1.08,832,32.2,2.6,3,21.77
59,46,61,1.71,181,153,61,1.67,1150,17.8,2.7,4,20.86
60,35,44.6,1.62,196,157,65,0.56,440,32.4,2,2,16.99
61,43,58.2,1.61,179,124,54,1.04,580,26.4,2.6,3,22.45
62,51,44.8,1.63,198,137,69,1.08,666,33.8,2.1,4,16.86
63,27,87.5,1.63,183,135,74,1.75,1299,12.9,3.5,5,32.93
64,53,51.8,1.74,179,127,61,1.23,773,21.3,3.7,3,17.11
65,31,64.4,1.7,160,144,70,1.97,1418,17.3,2.7,5,22.28
66,48,67.1,1.61,160,151,74,0.62,421,33.4,1.5,2,25.89
67,32,85.9,1.6,176,145,60,1.99,1587,14.5,3.5,5,33.55
68,25,65.4,1.77,160,141,58,0.89,627,27.6,2.6,3,20.88
69,31,61.1,1.76,189,150,67,1.81,1358,18.6,2.7,4,19.72
70,40,106.5,1.65,162,162,74,1.32,1176,21,3.6,4,39.12
71,57,64,1.52,170,129,52,1.73,1004,15.2,2.7,5,27.7
72,38,61.4,1.54,183,131,69,1.47,963,30.6,2.7,3,25.89
73,33,40.5,1.63,181,147,66,1.07,786,31.9,1.5,4,15.24
74,35,70.1,1.79,185,125,63,1.08,743,28,2.3,3,21.88
75,41,94.1,1.62,172,139,50,1.13,777,23.4,3.1,4,35.86
76,43,55.5,1.82,160,124,66,1.08,663,20.1,2,3,16.76
77,42,53.7,1.72,183,142,74,1.37,875,29.8,1.6,3,18.15
78,58,66.1,1.75,169,128,57,0.63,363,25.2,1.8,2,21.58
79,46,103.9,1.77,194,148,54,1.18,864,20.9,2.9,2,33.16
80,32,61.7,1.58,183,135,54,1.87,1262,16.6,2.7,5,24.72
81,18,52.3,1.74,187,165,58,1.2,990,29.4,2.2,2,17.27
82,42,59.5,1.74,195,141,52,1.78,1129,16.4,2.7,5,19.65
83,24,72.9,1.76,175,127,68,0.86,546,30.8,1.5,3,23.53
84,26,76.7,1.63,199,139,72,1.08,751,25.6,1.7,2,28.87
85,41,72.1,1.83,175,133,58,1.13,744,21.4,2.8,3,21.53
86,18,54.8,1.68,176,158,71,1.27,1003,32,2.2,4,19.42
87,25,105,1.88,174,156,67,1.34,1150,21.4,2.3,3,29.71
88,41,55,1.55,175,169,65,1.45,1103,31.4,2,4,22.89
89,28,81.6,1.66,174,153,50,1.09,917,20.5,3.5,4,29.61
90,34,75.6,1.6,193,130,51,0.64,416,29.1,2.7,2,29.53
91,25,81.5,1.61,170,159,63,1.93,1688,10.9,3.5,4,31.44
92,52,61.5,1.69,160,152,63,1.8,1231,15.5,2.7,4,21.53
93,52,74,1.63,174,150,50,1.26,936,25.7,3.7,3,27.85
94,50,56.4,1.59,185,163,74,1.26,924,34.3,2.6,3,22.31
95,22,102.6,1.84,163,153,65,1.25,1052,20.5,2.7,3,30.3
96,59,54.6,1.57,164,169,64,0.58,441,29.2,2.3,3,22.15
97,56,129,1.78,194,126,64,1.29,805,27.1,2.7,2,40.71
98,58,103.5,1.66,172,168,61,1.33,1106,24.6,3.1,3,37.56
99,45,59.4,1.51,169,142,65,1.15,735,33.1,1.9,4,26.05
100,24,60.1,1.79,170,165,63,1.97,1625,15.9,2.7,4,18.76
101,26,77.7,1.62,177,126,73,1.16,804,29.6,3,3,29.61
102,25,41.2,1.62,193,144,64,1.49,1073,28.9,2.1,4,15.7
103,29,58.6,1.61,198,122,72,1.2,805,23.4,2,3,22.61
104,51,109.3,1.78,182,157,64,0.54,420,28.7,3.3,3,34.5
105,50,69.6,1.96,166,139,68,0.97,667,25.6,2,3,18.12
106,40,56.2,1.79,198,153,57,1.79,1369,17.6,2.7,5,17.54
107,41,71.7,1.96,162,168,51,0.51,424,27.3,2.5,2,18.66
108,54,86,1.93,171,163,51,1.74,1404,12.9,3.5,5,23.09
109,52,79.4,1.59,166,163,59,1.39,1020,26.6,1.5,3,31.41
110,57,78.4,1.62,185,149,52,1.01,677,31.7,2,4,29.87
111,39,55.4,1.6,192,136,72,1.44,979,26.3,1.6,3,21.64
112,44,61.7,1.55,196,129,66,1.41,819,33.1,2.6,4,25.68
113,52,85.5,1.82,174,154,57,1.78,1357,14.9,3.5,4,25.81
114,18,87.6,1.93,161,139,72,1.72,1315,11.9,3.5,4,23.52
115,52,82.4,1.72,166,137,53,1.01,685,24.4,2.7,4,27.85
116,54,67,1.68,191,164,63,0.55,446,20.5,2.8,3,23.74
117,31,42.3,1.6,163,163,70,1.09,888,25.1,1.9,3,16.52
118,20,82.7,1.99,179,146,59,1.69,1357,14.6,3.5,5,20.88
119,18,92.4,1.74,195,168,50,1.41,1303,21.3,3.1,2,30.52
120,22,63.2,1.54,191,155,53,1.02,790,29.5,2.4,4,26.65
121,43,82.7,1.85,187,142,50,1.22,858,28.2,3.1,4,24.16
122,31,86.6,1.76,172,151,66,1.29,1071,28.9,3.3,3,27.96
123,56,129.5,1.95,160,129,66,1,639,25.2,3.5,2,34.06
124,44,98,1.83,194,130,56,1.28,824,25.7,3.5,4,29.26
125,26,86.2,1.68,189,157,72,1.97,1701,13.3,3.5,5,30.54
126,32,78.6,1.62,195,125,69,1.28,880,29.6,3.1,3,29.95
127,32,59,1.66,184,160,64,0.51,408,31,1.8,2,21.41
128,43,57.3,1.79,175,166,62,1.98,1479,17.8,2.7,4,17.88
129,59,122.3,1.89,178,153,51,0.66,500,20.1,3.1,3,34.24
130,30,85.3,1.95,160,155,68,1.61,1373,10.4,3.5,5,22.43
131,49,45.2,1.74,164,156,73,1.24,870,30.8,2.1,3,14.93
132,56,55.6,1.92,181,136,62,0.68,458,29.4,3.2,3,15.08
133,49,82.8,1.95,183,159,73,1.91,1503,14.3,3.5,5,21.78
134,21,125.2,1.66,196,159,60,1.38,1207,29.8,3.4,3,45.43
135,47,58.5,1.79,195,131,71,1.42,837,30.3,2.4,4,18.26
136,54,86.1,1.95,195,140,64,1.17,811,27.9,3.4,2,22.64
137,40,63.5,1.61,163,159,59,1.31,1041,33.4,1.6,3,24.5
138,56,69.3,1.68,195,138,58,0.66,451,26.5,2.1,2,24.55
139,32,70.5,1.62,177,122,58,1.24,756,28.4,1.8,2,26.86
140,46,60.1,1.65,175,137,69,1.69,1042,17.3,2.7,4,22.08
141,53,94.1,1.95,177,138,50,0.89,608,28.6,3.5,3,24.75
142,30,79.2,1.62,181,166,66,1.26,1046,28,2.5,4,30.18
143,49,115.3,1.91,161,125,61,1.38,854,29.2,3.2,2,31.61
144,24,62.9,1.79,180,135,59,1.42,958,27.3,2.3,4,19.63
145,39,62,1.64,195,127,54,0.97,678,27.5,3.2,3,23.05
146,45,88.5,1.78,198,167,67,1.53,1265,13.2,3.5,4,27.93
147,19,73.9,1.77,198,137,64,1.28,877,32.5,2.6,3,23.59
148,59,50.3,1.95,188,167,55,1.07,885,24.4,3.4,3,13.23
149,23,83.1,1.8,185,162,56,0.7,624,29.3,3.1,3,25.65
150,45,65.1,1.78,180,158,66,1.46,1038,31.3,2.3,3,20.55
151,45,46.6,1.79,176,168,55,1.46,1214,22.9,2.4,3,14.54
152,37,103.5,1.89,175,168,57,0.54,499,26.4,3.1,2,28.97
153,47,61.9,1.54,190,131,61,1.95,1150,16.4,2.7,4,26.1
154,28,52,1.61,168,164,70,1.32,1082,27.9,2,3,20.06
155,45,113.4,1.71,190,129,63,0.83,530,24,2.3,2,38.78
156,42,62.9,1.98,173,126,61,1.42,886,28.5,3.4,4,16.04
157,56,40.4,1.8,196,165,72,1.23,913,30,2.1,4,12.47
158,50,67.1,1.75,161,120,59,0.67,362,31.8,2.7,3,21.91
159,18,70,1.61,173,168,71,1.3,1201,23.9,2.5,2,27.01
160,44,69.5,1.75,192,155,69,1.02,711,27.6,2.1,3,22.69
161,30,107.9,1.66,194,140,64,1.08,832,29.5,2.8,3,39.16
162,58,109,1.91,198,156,56,1.49,1151,26,2.2,3,29.88
163,20,101,1.91,179,143,58,1.36,1070,29.3,2.7,3,27.69
164,56,88.5,1.85,161,144,59,1.57,1119,11,3.5,4,25.86
165,23,80.9,1.8,178,126,59,1.55,1074,10.7,3.5,4,24.97
166,25,43.1,1.62,196,161,65,1.04,837,33.6,1.8,4,16.42
167,44,59.1,1.52,177,136,56,1.58,967,18.4,2.7,5,25.58
168,26,54,1.53,175,148,54,1.14,844,26.9,1.7,3,23.07
169,54,72.3,1.78,163,149,72,1.27,852,27.7,1.8,2,22.82
170,50,51.1,1.98,171,126,52,0.92,574,28,2.4,2,13.03
171,59,89.4,1.72,188,152,67,1.08,813,24.5,3.2,3,30.22
172,41,51.5,1.8,166,126,60,1.09,680,26.7,2.1,4,15.9
173,32,87.9,1.88,173,143,64,1.52,1195,11.6,3.5,5,24.87
174,49,42,1.52,171,130,70,1.1,644,28.8,2.2,3,18.18
175,49,79.2,1.72,194,128,69,1.46,925,29.9,3.3,3,26.77
176,41,64.8,1.71,164,131,54,1.2,778,22.5,2.8,3,22.16
177,58,63,1.78,176,154,73,1.58,1095,17.5,2.7,4,19.88
178,29,56.2,1.77,191,123,61,0.68,418,33.4,2.6,3,17.94
179,56,52.9,1.64,169,155,53,1.1,767,27.4,2.3,3,19.67
180,19,49,1.69,176,147,64,1.05,772,29.2,2.4,3,17.16
181,20,128.2,1.84,164,132,58,0.83,603,26.2,2.3,3,37.87
182,54,83.6,1.86,168,142,56,1.54,1082,12.4,3.5,5,24.16
183,34,56.2,1.77,192,138,59,1.81,1249,17.3,2.7,5,17.94
184,19,87.8,1.78,195,161,72,1.28,1133,23.6,3.3,2,27.71
185,19,85.9,1.85,195,156,62,1.66,1424,12.9,3.5,4,25.1
186,45,51.1,1.87,177,158,57,1.44,1126,26.2,3.4,4,14.61
187,40,57.4,1.71,168,143,61,1.87,1337,18.3,2.7,5,19.63
188,54,114.9,1.92,188,135,71,1.2,802,20.7,2.6,4,31.17
189,49,62.1,1.66,173,152,73,1.37,937,31.3,1.8,3,22.54
190,50,57.1,1.91,184,131,68,1.09,707,29.5,2.7,4,15.65
191,18,68.1,1.8,174,153,50,1.1,926,25.4,3.3,4,21.02
192,36,69.2,1.65,165,126,65,1.23,852,27.2,2.7,3,25.42
193,19,65.2,1.52,188,130,71,1.23,800,30.6,2.4,3,28.22
194,43,108.6,1.73,174,150,66,1.33,988,28.5,2.2,2,36.29
195,49,40,1.65,188,148,74,1.03,686,34.3,2.5,3,14.69
196,23,41.9,1.58,163,132,67,0.56,370,26.8,1.8,3,16.78
197,49,68.3,1.52,177,150,60,1.45,979,29.4,1.8,4,29.56
198,21,88.4,1.6,198,121,67,1.71,1138,12,3.5,4,34.53
199,28,66,1.9,175,158,56,1.18,1025,24.1,3,3,18.28
200,34,71.9,1.64,170,134,67,1.26,929,21.3,2.1,4,26.73
201,55,75.6,1.71,173,130,57,1.03,663,28.1,2,4,25.85
202,41,63.4,1.59,162,153,55,1.84,1267,15.2,2.7,5,25.08
203,22,71.6,1.77,197,158,56,1.49,1177,30.3,1.8,3,22.85
204,51,57.4,1.77,177,123,72,1.08,598,31.6,2.1,4,18.32
205,23,83.8,1.99,179,130,71,1.79,1280,11,3.5,4,21.16
206,39,55.9,1.71,184,148,59,1.95,1443,19.5,2.7,5,19.12
207,28,87,1.76,197,121,60,1.2,799,28.4,3.5,3,28.09
208,33,65.3,1.71,172,135,74,1.18,796,29.7,2.5,4,22.33
209,50,45.4,1.67,163,158,62,1.37,1071,24.1,2.8,4,16.28
210,26,87.1,1.87,173,132,58,1.71,1241,11.2,3.5,4,24.91
211,23,78.6,1.73,192,156,56,1.47,1147,32.3,1.5,4,26.26
212,33,78,1.71,187,136,58,1.08,734,26.3,2.1,3,26.67
213,46,58,1.53,196,140,62,1.83,1153,18.4,2.7,4,24.78
214,20,71.3,1.69,167,163,52,1.28,1043,33.4,2.3,3,24.96
215,37,49.1,1.74,193,138,52,1.11,842,22.3,2.6,3,16.22
216,53,78.3,1.65,164,126,50,1.24,703,33.7,1.6,3,28.76
217,36,57.3,1.64,164,157,70,1.13,887,25.3,1.8,4,21.3
218,43,48.4,1.61,190,127,69,1.28,732,34.1,2.4,2,18.67
219,20,76.4,1.62,168,132,51,1.35,980,21.2,2.6,4,29.11
220,36,110.2,1.77,191,156,74,1.19,1021,26.5,3.4,2,35.18
221,37,72.9,1.76,192,121,52,1.21,732,27.5,1.9,3,23.53
222,49,82.1,1.86,162,160,64,1.87,1481,14.2,3.5,4,23.73
223,24,58.9,1.76,189,130,73,0.63,410,30.1,1.7,3,19.01
224,58,82.2,1.87,171,143,55,1.57,1111,10.7,3.5,4,23.51
225,50,96.7,1.72,188,125,62,1.46,903,25.7,2.7,3,32.69
226,57,81.4,1.86,162,145,70,1.8,1292,12,3.5,5,23.53
227,56,107.8,1.73,185,126,50,1.09,680,26.6,2.8,3,36.02
228,35,65.8,1.62,189,158,69,1,790,33.8,1.5,4,25.07
229,57,68.5,1.56,168,138,68,1.45,900,29.1,1.6,4,28.15
230,18,63.9,1.59,185,125,50,1.87,1169,16.4,2.7,4,25.28
231,28,76.3,1.62,161,162,70,1.16,1034,20.1,2.3,3,29.07
232,45,44.5,1.65,162,148,71,1.44,959,30.7,1.6,3,16.35
233,42,50.7,1.75,163,162,51,1.29,940,29,1.9,3,16.56
234,40,55.1,1.61,184,158,64,1.55,1224,16.9,2.7,4,21.26
235,48,73.7,1.61,172,121,63,1.36,815,21.8,3.6,4,28.43
236,47,55.6,1.77,198,138,68,1.2,820,24.3,2.9,4,17.75
237,59,86.9,1.76,194,123,60,1.13,688,29.8,3.1,3,28.05
238,52,60.3,1.68,182,125,64,1.6,900,16.5,2.7,4,21.36
239,24,40.4,1.64,168,168,55,0.99,832,31,1.9,2,15.02
240,33,78.5,1.66,161,156,69,1.29,1006,32.8,1.9,4,28.49
241,43,102.6,1.72,190,147,58,0.82,597,27.5,2,2,34.68
242,19,110.8,1.91,161,149,54,1.31,1074,23.3,2.9,2,30.37
243,18,60.9,1.79,191,126,69,1.11,699,31.1,2.1,2,19.01
244,29,55.7,1.61,177,128,51,1.41,993,28.7,2.3,3,21.49
245,22,110.5,1.92,172,144,55,1.16,919,20.2,3.3,3,29.98
246,54,55.2,1.71,164,152,67,0.77,579,24.4,2.8,2,18.88
247,49,46.5,1.72,169,120,72,1.4,832,22.2,2.6,4,15.72
248,26,70.9,1.66,184,125,68,0.81,506,28.9,1.7,3,25.73
249,58,74.6,1.75,193,137,58,1.09,739,24.2,2.9,2,24.36
250,52,45.1,1.72,196,129,70,0.93,594,27.5,3.3,2,15.24
251,36,99.9,1.99,189,147,73,1.33,1075,20.9,2.5,3,25.23
252,33,117,1.61,166,130,55,1.04,744,25.1,2.4,3,45.14
253,20,75.9,1.73,165,152,63,1.39,1056,30.6,2.1,4,25.36
254,37,71.2,1.64,162,120,73,1.11,666,29.9,1.7,3,26.47
255,41,78.8,1.72,172,132,62,1.01,660,27.3,3.1,4,26.64
256,50,50.6,1.69,162,156,60,1.31,1012,23.8,3,2,17.72
257,41,82.5,1.79,185,139,61,1.69,1163,14.7,3.5,4,25.75
258,28,108.5,1.79,183,120,68,1.33,878,24.8,2.1,4,33.86
259,25,49.9,1.98,165,122,68,1.15,772,25.7,2.1,3,12.73
260,53,125.1,1.91,171,137,70,0.52,353,28.3,3.1,2,34.29
261,55,79.7,1.66,195,160,68,1.06,763,27.8,1.9,2,28.92
262,57,126.8,1.63,161,133,73,0.96,632,20.8,2.1,2,47.72
263,37,54.6,1.57,170,150,62,1.31,982,32.1,2.4,3,22.15
264,52,47.8,1.54,198,146,63,1.34,880,29.8,1.9,3,20.16
265,42,97.9,1.91,193,136,73,1.01,680,29,2.8,3,26.84
266,52,63.1,1.54,185,165,67,1.36,1010,34.8,1.8,3,26.61
267,42,72.4,1.69,177,148,61,1.07,713,29,2.3,3,25.35
268,46,58.9,1.7,180,155,53,1.52,1060,17.1,2.7,4,20.38
269,35,50.4,1.6,195,156,59,1.03,803,29.1,1.9,4,19.69
270,35,64.2,1.59,199,145,66,1.63,1182,16.6,2.7,5,25.39
271,19,58.8,1.77,181,136,53,1.4,952,32.8,2.7,2,18.77
272,52,105.2,1.62,189,141,61,1.36,949,27.6,3.2,3,40.09
273,33,45.9,1.5,189,144,62,0.92,662,29.8,1.7,3,20.4
274,58,65.2,1.63,167,121,53,1.12,610,25.4,2,3,24.54
275,53,56.3,1.79,193,141,59,1.52,964,16.5,2.7,5,17.57
276,50,90,1.7,168,124,74,0.81,497,22.9,2.7,2,31.14
277,21,60,1.7,179,123,52,1.97,1212,19.1,2.7,5,20.76
278,50,51.5,1.71,199,155,64,1.48,1136,20.9,2.9,2,17.61
279,31,63.1,1.64,184,125,51,1.54,962,19,2.7,4,23.46
280,38,91.5,1.77,178,140,74,0.8,616,26.7,3.4,2,29.21
281,37,48.7,1.67,164,132,74,1.39,1009,27.3,3,2,17.46
282,25,57.8,1.56,170,156,66,1.35,1053,29.3,1.6,3,23.75
283,24,42,1.75,174,144,55,0.83,598,31.8,2.3,3,13.71
284,20,128.4,1.92,167,145,57,0.63,502,26.1,2,2,34.83
285,34,74.2,1.57,178,158,52,1.47,1161,32.7,2.4,3,30.1
286,50,89.6,1.68,182,139,74,1.79,1232,12.2,3.5,5,31.75
287,29,125.9,2,186,152,67,1.36,1137,24.7,3.1,4,31.48
288,39,105.5,1.99,199,133,71,0.81,593,26.4,2.5,2,26.64
289,39,93.4,1.7,191,155,50,1.1,938,21.1,2.5,4,32.32
290,47,82.1,1.84,185,136,65,1.37,922,24.4,3.4,4,24.25
291,55,42.9,1.69,186,140,56,0.9,567,34.7,2.4,2,15.02
292,55,128.4,1.68,178,165,52,1.13,923,20.4,2.6,4,45.49
293,25,112.4,1.96,188,135,72,1.42,1054,23.2,2.5,2,29.26
294,44,77.7,1.79,198,165,53,1.41,1047,28.1,2.2,3,24.25
295,44,89.3,1.99,192,135,58,1.4,936,26.3,2,4,22.55
296,51,70.3,1.55,178,139,54,1.4,876,26.1,1.6,3,29.26
297,38,59.1,1.72,196,148,68,1.07,792,31.3,1.7,3,19.98
298,47,49.9,1.69,178,147,64,1.48,979,26,1.7,3,17.47
299,50,101.7,1.67,192,127,57,0.53,333,20.9,2.9,2,36.47
300,45,93,1.91,175,143,55,1.03,729,27.3,3.7,3,25.49
301,50,87.4,1.6,182,122,67,0.77,465,23.2,3.1,2,34.14
302,22,55.1,1.61,166,144,68,1.62,1166,19.9,2.7,4,21.26
303,36,123.7,1.69,185,138,73,1.3,987,20.4,2.1,4,43.31
304,21,61.3,1.57,191,152,64,1.94,1474,17.2,2.7,4,24.87
305,52,72.3,1.94,171,121,56,1.46,874,21.1,2.9,3,19.21
306,34,69.2,1.53,167,134,59,1.36,911,28.5,2.1,2,29.56
307,45,81.4,1.61,164,141,55,1.14,796,30,2.2,4,31.4
308,47,84.8,1.86,187,129,63,1.85,1181,14.4,3.5,5,24.51
309,46,55.1,1.72,164,137,66,1.43,970,20.5,3.6,3,18.62
310,23,59,1.78,185,141,58,1.67,1177,17.8,2.7,5,18.62
311,52,64.9,1.51,164,165,68,1.83,1359,18.2,2.7,4,28.46
312,58,109.7,1.75,181,168,54,1.01,840,22.1,2.7,2,35.82
313,54,78.4,1.9,174,146,72,0.81,585,21.5,3.7,2,21.72
314,41,76.7,1.79,172,132,56,1.4,832,34,2,4,23.94
315,46,63.1,1.61,187,152,68,1,684,34.7,2.2,4,24.34
316,48,62.9,1.58,192,124,69,1.98,1105,20,2.7,4,25.2
317,52,85.6,1.74,182,145,56,1.84,1321,13.9,3.5,4,28.27
318,50,66.3,1.57,192,132,73,1.25,742,31.6,1.6,2,26.9
319,38,61.3,1.97,177,146,51,1.37,1100,23.5,2.8,3,15.8
320,49,44.1,1.65,189,133,74,1.16,694,26.7,1.8,4,16.2
321,40,63.8,1.62,185,143,72,1.3,1022,20.8,3.4,2,24.31
322,50,55.4,1.55,175,122,65,1.85,1016,18.5,2.7,4,23.06
323,20,74.7,1.58,172,166,62,1.04,863,32.8,2.4,3,29.92
324,35,78,1.67,198,168,57,1.13,949,33.3,2.5,4,27.97
325,42,57.5,1.67,192,149,55,1.14,764,34.1,2.4,2,20.62
326,59,60.7,1.73,185,154,55,1.03,714,33.8,2.5,3,20.28
327,48,69,1.74,160,167,58,1.48,1223,30,2.3,3,22.79
328,20,75.8,1.78,197,133,53,1.42,944,27.4,2,4,23.92
329,57,75.7,1.63,161,131,60,0.69,407,32.6,2.3,3,28.49
330,41,71.2,1.64,165,147,54,1.42,939,30.9,2.3,3,26.47
331,49,85,1.68,197,163,74,1.82,1468,11.3,3.5,4,30.12
332,39,63.6,1.56,183,148,66,1.22,903,34.8,2.4,2,26.13
333,40,73.2,1.94,177,162,69,0.81,722,29,2.4,2,19.45
334,19,48.3,1.52,186,136,56,0.96,653,26.3,1.6,2,20.91
335,44,42.8,1.78,167,159,64,1.49,1066,25.3,2.6,3,13.51
336,59,88.1,1.76,187,168,74,1.35,1123,26.9,3,3,28.44
337,19,72.4,1.75,169,140,64,1.2,840,31,1.7,4,23.64
338,43,73.2,1.88,176,142,63,1.17,822,29.4,3.3,3,20.71
339,34,110.5,1.86,188,139,62,1.42,1086,22.3,3.6,2,31.94
340,57,46.1,1.76,165,130,60,1.44,842,25.8,1.7,3,14.88
341,50,90.8,1.71,173,153,62,1.07,810,22.6,3.4,4,31.05
342,26,59.3,1.51,181,129,71,1.7,1096,15.1,2.7,5,26.01
343,56,45.1,1.73,165,129,73,0.83,482,25.4,2.6,3,15.07
344,46,45,1.77,185,162,58,1.48,1187,29.1,3.6,3,14.36
345,59,89.4,1.62,198,125,59,1.43,885,23.5,3.6,3,34.06
346,43,127.7,1.69,171,155,53,1.14,875,24.1,2.9,3,44.71
347,52,70.9,1.72,194,143,66,1.31,927,20.2,2.6,3,23.97
348,42,49.2,1.5,173,131,63,1.15,678,27.7,1.5,3,21.87
349,41,62.3,1.79,181,162,73,1.99,1451,19,2.7,5,19.44
350,30,64.1,1.87,182,142,67,0.64,500,26.2,2.1,2,18.33
351,24,69.7,1.75,166,146,60,1.41,1029,32.5,2,3,22.76
352,53,56.9,1.59,199,164,65,1.49,1100,29.5,2,3,22.51
353,37,53,1.71,184,156,50,1.13,881,28.1,1.7,4,18.13
354,18,72.7,1.55,172,125,56,0.84,525,29.8,2,3,30.26
355,25,76.5,1.96,180,120,59,0.67,442,23.2,2.3,3,19.91
356,33,113.6,1.99,169,125,58,1.38,949,28.4,3.4,2,28.69
357,31,62.5,1.62,168,169,74,1.56,1318,16.5,2.7,4,23.81
358,29,95.2,1.86,174,141,52,0.64,496,26.6,2.5,2,27.52
359,40,51.7,1.82,161,160,71,0.9,792,21.4,3,3,15.61
360,32,105.3,1.67,184,143,72,0.57,448,26.9,2.9,3,37.76
361,45,71.2,1.68,172,144,63,1.37,888,34.1,1.6,3,25.23
362,51,78.1,1.51,193,134,74,0.92,555,31.1,2.6,3,34.25
363,19,50.6,1.68,193,145,64,1.21,877,30.6,2.1,3,17.93
364,49,70.2,1.89,194,127,51,0.7,440,29.6,2.6,3,19.65
365,40,62.6,1.53,197,143,73,1.93,1380,18.1,2.7,5,26.74
366,39,60.6,1.65,162,167,63,0.92,768,27.6,1.7,3,22.26
367,42,76.4,1.97,165,157,65,1.14,886,22.9,2.6,3,19.69
368,39,63.3,1.71,178,125,56,1.88,1175,18.5,2.7,4,21.65
369,39,68.6,1.64,162,154,53,1.33,1024,32.4,1.5,3,25.51
370,59,123.3,1.88,177,161,67,1.3,1036,23,2.6,4,34.89
371,23,107,1.94,198,120,73,1.35,891,23.5,2.9,2,28.43
372,32,68.3,1.92,168,165,54,1.42,1289,29.9,3.5,2,18.53
373,54,47.8,1.6,171,155,55,1.19,830,26,2.3,4,18.67
374,50,58.4,1.79,164,131,56,1.6,943,17,2.7,4,18.23
375,25,74.3,1.71,162,157,64,1.43,1123,25.6,1.6,3,25.41
376,22,106.8,1.82,170,130,50,1,715,28.2,2.3,4,32.24
377,56,125.5,1.8,189,131,73,1.26,817,20.9,2.7,4,38.73
378,21,55.2,1.55,163,161,53,1.37,1103,31.7,1.7,4,22.98
379,23,71.4,1.72,164,169,74,1.25,1056,25.6,1.5,2,24.13
380,49,77.7,1.61,160,158,50,1.03,806,26.7,3.4,3,29.98
381,47,88.4,1.6,186,126,60,1.86,1160,14.2,3.5,5,34.53
382,52,104.8,1.99,187,130,67,0.93,598,24,2,2,26.46
383,57,82.2,1.69,188,155,63,1.15,882,25.2,3.4,4,28.78
384,33,68.2,1.75,177,150,71,0.85,638,29,1.7,2,22.27
385,30,91.4,1.99,171,152,60,1.37,1145,23,3.7,3,23.08
386,59,42.1,1.65,172,132,59,1.22,725,33,2.2,2,15.46
387,47,68.7,1.76,161,137,66,1.37,845,27.7,2.4,3,22.18
388,36,47.2,1.74,196,160,53,1.5,1200,32.2,1.6,4,15.59
389,34,92,1.76,175,143,73,0.73,574,22.1,3.5,3,29.7
390,36,56.2,1.95,183,128,64,1.09,767,22.5,3.4,4,14.78
391,45,58.4,1.72,194,150,65,1.31,973,23.4,3.1,4,19.74
392,43,82.9,1.95,181,160,70,1.9,1505,12.9,3.5,5,21.8
393,54,66.9,1.74,195,129,62,1.24,720,29.5,2.1,2,22.1
394,43,66.3,1.85,170,121,58,1.18,707,27.5,3.2,2,19.37
395,40,93.6,1.93,188,157,60,1.38,1192,22.1,2,3,25.13
396,26,64.1,1.5,194,134,60,1.93,1293,15.1,2.7,5,28.49
397,29,86.7,1.62,174,122,55,1.52,1020,13.9,3.5,4,33.04
398,18,62,1.59,190,162,50,1.23,996,33.2,2.2,4,24.52
399,18,58.1,1.61,175,150,71,1.9,1425,15.3,2.7,4,22.41
400,51,64.9,1.6,169,125,55,1.49,838,31.1,2.5,4,25.35
401,49,69.3,1.62,191,122,62,1.14,626,28.8,1.9,4,26.41
402,42,42.7,1.74,161,130,71,1.04,608,32.9,1.6,3,14.1
403,57,51.4,1.63,183,134,73,1.2,724,33.7,2,4,19.35
404,18,67.4,1.6,182,164,71,0.6,492,33.5,2.4,3,26.33
405,33,55.6,1.61,161,147,54,1.77,1301,18.9,2.7,4,21.45
406,56,125.3,1.86,197,129,64,1,639,22.7,2.2,3,36.22
407,22,102.1,1.85,190,157,67,1.48,1278,28.1,2.4,4,29.83
408,39,61.9,1.77,199,166,69,1.32,1205,25.3,2.3,3,19.76
409,46,108.8,1.64,185,169,63,1.4,1171,20.5,3.4,3,40.45
410,20,51.1,1.58,188,169,64,0.5,422,29.6,1.6,2,20.47
411,29,81.7,1.99,162,126,54,1.45,1005,29.4,3.2,2,20.63
412,43,42.7,1.66,173,134,53,0.73,440,33.9,1.9,2,15.5
413,33,81.8,1.99,184,137,51,1.59,1198,10.5,3.5,4,20.66
414,54,54.6,1.76,160,137,56,1.28,868,27.4,3.3,4,17.63
415,39,107.7,1.88,162,160,59,0.72,634,28.1,3.6,2,30.47
416,46,56.9,1.6,185,143,65,0.88,566,27.7,1.6,3,22.23
417,31,78.8,1.71,177,121,59,1.49,992,24.7,2.5,4,26.95
418,45,48.2,1.64,168,159,67,1.25,894,32.1,2.5,4,17.92
419,22,50.7,1.59,197,139,66,1.27,883,29.4,1.8,3,20.05
420,47,86.6,1.99,182,153,70,1.98,1500,10.6,3.5,4,21.87
421,22,96.3,1.63,180,162,62,1.35,1203,27.1,2.4,4,36.25
422,29,80.8,1.98,160,145,50,1.65,1316,14.6,3.5,5,20.61
423,33,58,1.53,180,126,50,1.84,1159,18.3,2.7,5,24.78
424,43,95.9,1.85,186,157,64,1.28,995,27.7,3.4,2,28.02
425,43,61.5,1.58,165,149,50,1.86,1247,16.8,2.7,5,24.64
426,38,40.6,1.79,195,161,55,0.62,499,26.8,2.7,2,12.67
427,56,82.5,1.87,187,124,74,1.51,927,13.2,3.5,5,23.59
428,53,105.1,1.84,176,130,62,0.69,444,23.3,2.9,3,31.04
429,50,58.1,1.58,199,120,50,1.93,1042,19.3,2.7,5,23.27
430,47,61,1.76,162,153,54,1.54,1060,15.6,2.7,5,19.69
431,54,64.5,1.53,171,120,58,1.74,940,17.2,2.7,4,27.55
432,40,58.2,1.98,198,138,74,1.43,1085,24,2.5,3,14.85
433,27,69.5,1.76,171,121,66,0.94,569,34.4,2,3,22.44
434,22,62.2,1.84,161,140,65,0.51,393,21.5,2.3,3,18.37
435,53,68,1.7,181,139,57,1.06,663,25.1,2.4,4,23.53
436,51,56.3,1.5,182,142,66,1.43,914,27.4,2.4,3,25.02
437,48,94.5,1.7,189,140,64,1.01,700,28.2,3.5,3,32.7
438,27,58,1.79,164,143,73,1.39,994,27.1,1.5,2,18.1
439,36,84,1.94,168,123,50,1.8,1218,11.2,3.5,5,22.32
440,49,61,1.87,180,131,61,1.14,739,21.3,3,4,17.44
441,18,64.8,1.53,170,141,54,1.98,1396,18.6,2.7,5,27.68
442,22,45.7,1.77,164,139,73,1.04,795,20.7,2.4,3,14.59
443,21,80.9,1.9,194,137,55,1.8,1356,11.7,3.5,4,22.41
444,33,64.1,1.63,186,120,74,1.58,948,16.4,2.7,5,24.13
445,41,67,1.77,161,149,50,1.22,900,25.6,2.6,3,21.39
446,33,106.5,1.6,183,152,74,1.4,1170,27.3,3.3,4,41.6
447,19,95.1,1.85,190,143,50,1.21,952,25.3,2.3,4,27.79
448,45,65.5,1.57,192,133,59,0.66,395,34.3,2.3,2,26.57
449,49,105.7,1.64,198,155,59,1.2,921,29.5,3.1,3,39.3
450,44,48,1.76,189,124,52,0.88,491,28.6,2.6,2,15.5
451,37,69.5,1.5,196,130,66,0.69,448,32.8,2.4,2,30.89
452,41,66.1,1.69,187,143,68,0.77,545,27.4,3.4,2,23.14
453,29,68,1.7,190,150,60,0.76,627,28.9,2.9,2,23.53
454,52,50.3,1.78,170,132,67,0.85,555,24.5,2.3,2,15.88
455,50,69.3,1.68,182,135,51,1.2,729,30.3,2,2,24.55
456,50,86.7,1.63,161,143,58,1.7,1203,12.1,3.5,4,32.63
457,54,125.9,1.94,199,132,73,1.35,882,28.5,2.9,3,33.45
458,29,88.1,1.93,186,143,66,1.88,1479,11.1,3.5,5,23.65
459,20,124.3,1.82,194,145,63,1.25,997,22.4,3.2,3,37.53
460,18,62,1.85,161,121,53,0.88,586,23.7,3,3,18.12
461,50,69.7,1.72,198,135,66,1.24,753,27.3,2,4,23.56
462,57,60.9,1.52,196,157,66,1.31,926,30.6,1.8,3,26.36
463,27,76.5,1.97,180,165,61,1.13,1025,21.3,2.3,2,19.71
464,46,94.7,1.82,164,120,69,1.47,873,23.2,3.2,3,28.59
465,30,67.9,1.75,180,168,67,1.25,1155,29.1,3.1,2,22.17
466,29,121.1,1.87,188,130,52,1.31,937,24.1,3.2,4,34.63
467,48,71.5,1.64,179,154,60,1.46,1012,32.5,1.9,4,26.58
468,19,98.6,1.7,197,162,74,0.83,740,21.1,2.4,2,34.12
469,52,68.2,1.63,179,148,67,1.17,779,27.5,2.4,3,25.67
470,40,57.7,1.69,184,156,53,1.18,920,33.1,2.4,4,20.2
471,34,124.6,1.63,161,136,66,1.41,1055,27.6,2.8,3,46.9
472,43,73,1.59,191,158,67,1.31,931,28.9,2.2,3,28.88
473,25,59.4,1.51,185,161,54,1.62,1304,19.8,2.7,5,26.05
474,46,52,1.65,165,147,63,0.7,463,34.1,1.9,2,19.1
475,43,42.2,1.65,162,148,59,1.33,886,34.6,2.3,3,15.5
476,27,89.3,1.64,192,162,64,1.82,1622,12.1,3.5,4,33.2
477,43,110,1.76,160,122,50,1.09,658,22,3.4,3,35.51
478,51,66.2,1.58,164,129,65,0.86,499,31.3,2.3,3,26.52
479,58,58.6,1.66,172,161,60,1.21,964,26.8,2.9,2,21.27
480,24,51,1.67,178,133,72,0.97,710,21.3,2.8,3,18.29
481,21,101.5,1.95,171,131,69,0.97,699,27.9,3.1,3,26.69
482,28,114.2,1.87,184,166,55,1.05,959,20.2,3.2,3,32.66
483,46,54.4,1.72,194,161,73,0.91,725,24.8,2.9,2,18.39
484,53,52.4,1.57,171,149,71,1.34,898,28.3,2.2,3,21.26
485,42,85.2,1.81,189,151,65,1.54,1151,13.7,3.5,5,26.01
486,38,83.6,1.74,164,151,51,1.66,1379,11.6,3.5,5,27.61
487,53,115.4,1.92,193,161,50,1.36,1084,28.3,2.2,4,31.3
488,27,71.2,1.97,181,151,73,0.74,615,25.9,3.6,3,18.35
489,54,78.1,1.6,198,145,73,1.1,718,32.9,2.4,4,30.51
490,26,54.2,1.65,172,120,58,1.07,642,34.9,1.9,4,19.91
491,41,77.6,1.76,162,161,71,1.27,920,31.8,2.2,4,25.05
492,52,44.1,1.62,179,121,61,1.41,768,34.8,1.6,3,16.8
493,52,85.5,1.8,190,136,66,1.7,1144,10.1,3.5,5,26.39
494,53,47.8,1.76,164,149,74,1.06,711,28.4,1.5,4,15.43
495,35,102.5,1.94,183,158,64,0.84,730,21.1,2.4,2,27.23
496,56,118,1.9,199,126,68,0.66,412,22.6,3.2,2,32.69
497,49,82.3,1.84,192,146,71,1.29,932,28.4,3.4,4,24.31
498,41,81.6,1.87,167,128,59,1.87,1185,10.2,3.5,5,23.33
499,40,60.2,1.88,183,141,61,1.22,946,25.2,3,3,17.03
500,49,49.2,1.54,179,153,63,1.28,881,30.7,2.1,3,20.75
501,54,46.6,1.5,175,165,58,1.38,1025,30.6,2,2,20.71
502,29,68.7,1.72,171,168,62,1.08,907,29.8,1.7,4,23.22
503,30,60.6,1.55,172,120,52,1.3,780,32.9,1.6,3,25.22
504,40,52.1,1.61,198,128,70,0.87,612,21.3,3.3,2,20.1
505,42,46.6,1.77,184,139,63,0.61,382,28.1,2.6,2,14.87
506,52,65.5,1.74,191,138,70,1.48,1011,26.2,2.8,4,21.63
507,58,44.2,1.57,183,155,59,1.08,753,31.9,2.3,3,17.93
508,47,89.1,1.84,168,159,65,1.44,1133,24,3.6,3,26.32
509,34,65.9,1.62,199,164,56,0.81,731,28.8,2.2,2,25.11
510,37,55.6,1.57,182,123,53,0.97,597,29.2,2.4,2,22.56
511,42,63.7,1.98,172,128,69,1.37,868,24,3,2,16.25
512,39,86.2,1.82,191,160,72,1.96,1725,10.2,3.5,5,26.02
513,30,59.2,1.63,174,141,74,1.85,1304,17.8,2.7,4,22.28
514,36,85.4,1.88,195,137,60,1.98,1492,13.5,3.5,5,24.16
515,53,68.1,1.55,164,131,65,1.41,831,26.1,2.2,4,28.35
516,29,60,1.62,181,161,69,0.85,684,28.1,1.9,2,22.86
517,58,74.8,1.69,175,162,53,1.28,933,32.8,2.3,4,26.19
518,36,90.3,1.65,169,158,71,1.38,1199,23.7,3.4,4,33.17
519,29,86.1,1.65,183,128,71,1.66,1169,11.2,3.5,4,31.63
520,26,73.7,1.66,177,125,72,0.93,639,26.7,2.2,2,26.75
521,24,67.7,1.56,177,138,66,1.42,980,27,2.1,3,27.82
522,45,78.3,1.96,166,167,62,1.29,1066,29,2.2,3,20.38
523,31,48.2,1.65,163,166,60,1.1,913,26.1,2.5,2,17.7
524,48,56.8,1.51,185,126,52,1.37,777,32.1,2.1,4,24.91
525,36,112.4,1.63,164,135,58,1.02,757,25,3.4,4,42.3
526,33,59,1.67,175,124,55,0.9,558,33.7,1.9,3,21.16
527,22,98.4,1.88,194,135,71,0.52,386,21.3,2.2,2,27.84
528,52,66.5,1.6,185,120,70,1.34,796,26.8,2.1,4,25.98
529,29,106.5,1.81,177,156,60,1.29,1107,25.7,2.5,4,32.51
530,42,88.4,1.93,188,158,65,1.68,1314,12.4,3.5,4,23.73
531,38,88.4,1.79,182,138,68,1.74,1321,12.5,3.5,5,27.59
532,53,53.3,1.74,173,156,54,1.37,962,32.2,1.8,3,17.6
533,40,58.1,1.56,174,136,63,0.61,415,34.4,2.2,2,23.87
534,33,74.2,1.76,192,145,66,1.15,834,25.9,1.5,4,23.95
535,56,84.6,1.63,184,141,52,1.01,705,20.2,2.9,4,31.84
536,59,78,1.92,180,127,53,0.72,453,28.1,2.7,3,21.16
537,56,89,1.68,176,152,65,1.77,1332,10.5,3.5,5,31.53
538,31,42.7,1.76,182,121,65,1.46,883,34.9,2.2,3,13.78
539,48,83.9,1.82,176,149,70,1.9,1401,13.1,3.5,5,25.33
540,22,78.7,1.52,173,166,74,1.45,1204,31.5,2.3,3,34.06
541,52,65.9,1.52,188,139,53,1.27,794,27,2.3,4,28.52
542,40,76.9,1.92,179,137,68,1.13,851,22.4,3.7,4,20.86
543,46,84.3,2,189,162,66,1.83,1467,13.3,3.5,5,21.07
544,28,62.4,1.6,178,129,62,1.1,710,34.1,1.7,3,24.37
545,35,63.7,1.74,198,143,71,1.03,810,29.8,2.7,4,21.04
546,29,54.9,1.52,172,123,72,1.48,910,27,2,3,23.76
547,26,76.4,1.79,177,156,73,1.17,1004,21.3,2.7,3,23.84
548,27,106.4,1.86,182,123,50,1.34,907,20.6,3.1,2,30.76
549,34,68.4,1.5,192,132,61,1.37,904,33.7,2.1,4,30.4
550,55,63.5,1.86,198,144,53,1.36,969,22.9,2.9,4,18.35
551,24,59.4,1.5,199,132,60,1.25,825,25,2,3,26.4
552,30,113.4,1.91,177,137,54,1.27,957,22.2,3.7,3,31.08
553,57,61.9,1.52,168,143,51,0.92,592,28.4,2.6,3,26.79
554,59,70.7,1.68,192,121,66,1.17,637,34.9,1.9,3,25.05
555,26,111.5,1.9,191,167,57,1.02,937,25.2,2.2,2,30.89
556,44,72.1,1.66,176,152,55,1.4,958,27,2.5,2,26.16
557,19,56.9,1.87,178,138,70,0.61,463,23.3,3.7,3,16.27
558,22,86.2,1.9,186,128,58,1.91,1345,11.7,3.5,5,23.88
559,46,59.4,1.68,165,147,62,1.16,844,20.2,2.5,4,21.05
560,54,75.6,1.72,194,154,60,0.97,672,26.4,1.9,3,25.55
561,55,76.3,1.73,196,158,65,1.08,768,32,2.6,3,25.49
562,36,95.8,1.86,193,129,65,1.37,972,21.2,3.2,3,27.69
563,25,120.6,1.83,179,120,51,1.04,686,22.3,2.5,3,36.01
564,18,65.3,1.55,184,161,59,1.42,1143,28.5,2.2,3,27.18
565,39,85.3,1.89,163,140,61,0.77,593,27.6,3.6,2,23.88
566,34,68,1.68,169,128,57,0.67,472,25.8,3.4,2,24.09
567,24,52.6,1.57,169,166,60,1.29,1071,31.9,2.4,2,21.34
568,42,63.3,1.77,183,134,59,1.32,876,25.7,3.3,3,20.2
569,21,76.3,1.65,180,154,62,1.14,878,31.8,1.7,3,28.03
570,53,61,1.63,170,124,74,0.54,331,20,3.4,3,22.96
571,23,67.8,1.61,186,160,66,1.34,1072,34.3,1.8,2,26.16
572,48,114.9,1.86,175,141,56,1.36,949,21.1,3.6,3,33.21
573,36,88,1.71,185,160,73,1.87,1646,12,3.5,5,30.09
574,56,67.7,1.58,189,142,52,1.45,927,32.7,1.9,2,27.12
575,44,124.8,1.85,175,126,69,1.35,842,24.4,3.5,4,36.46
576,27,53,1.58,166,142,62,1.26,895,34.5,1.8,4,21.23
577,43,61.2,1.88,175,163,68,1.03,831,24.7,2.9,3,17.32
578,36,48.7,1.68,194,144,56,1.23,886,33.7,1.6,3,17.25
579,56,50.6,1.7,175,146,58,1.29,848,33.1,2.3,2,17.51
580,20,72.6,1.73,199,160,68,1.27,1016,34.8,2.5,3,24.26
581,30,70.4,1.56,171,125,62,1.03,644,34.3,2.4,4,28.93
582,45,52.5,1.88,194,153,71,1.08,818,29,2.9,4,14.85
583,37,76.3,1.77,180,128,57,1.36,957,27.3,2.1,4,24.35
584,45,41.2,1.58,195,168,71,1.47,1111,28.7,2.6,2,16.5
585,25,55.3,1.76,176,152,67,1.56,1186,15.5,2.7,4,17.85
586,58,49.7,1.67,191,125,72,1.38,776,31.9,2.3,4,17.82
587,56,48.3,1.87,165,156,51,0.68,525,29.8,3.3,3,13.81
588,18,83.2,1.96,183,150,67,1.83,1510,13.6,3.5,4,21.66
589,20,120.5,1.73,186,153,67,1.01,850,29.3,3.4,3,40.26
590,30,121.6,2,179,160,60,1.24,1091,28,3.3,4,30.4
591,45,73,1.75,184,148,50,1.14,759,26.6,2,4,23.84
592,42,57.5,1.67,161,133,63,1.76,1053,16.2,2.7,5,20.62
593,50,42.7,1.53,168,155,65,1.41,983,28.4,2.4,4,18.24
594,55,129.9,1.73,187,155,60,0.69,529,21.7,3.1,3,43.4
595,23,108.6,1.92,197,134,50,0.89,656,25.8,3.5,2,29.46
596,49,88.6,2,162,127,56,1.83,1150,14.9,3.5,4,22.15
597,38,49.7,1.51,179,145,65,1.25,906,32.6,2.5,3,21.8
598,33,56.4,1.54,165,155,63,1.06,822,29.2,1.5,3,23.78
599,38,46.9,1.74,198,167,64,1.03,946,20,2.6,4,15.49
600,28,71.3,1.67,192,140,63,1.46,1022,28.1,1.5,4,25.57
601,54,71.6,1.86,160,147,70,1.14,830,25.3,2.2,3,20.7
602,53,82.3,1.61,196,123,60,1.87,1139,11.6,3.5,5,31.75
603,52,70.6,1.69,165,135,65,1.36,826,26.1,2.2,3,24.72
604,36,109.8,1.62,193,141,68,0.84,651,24.4,3.5,3,41.84
605,37,73.5,1.69,174,131,66,0.54,354,27.5,1.6,2,25.73
606,35,85.6,1.85,185,135,55,1.78,1322,14.5,3.5,5,25.01
607,58,74.6,1.68,173,159,60,1.03,737,26,2,4,26.43
608,31,63.2,1.8,166,157,66,0.59,463,25.5,2.6,2,19.51
609,32,62.6,1.63,190,161,58,1.67,1344,15,2.7,5,23.56
610,48,87.1,1.76,183,156,67,1.81,1398,11.6,3.5,5,28.12
611,18,82.3,1.84,190,148,66,1.73,1408,13.3,3.5,5,24.31
612,20,64.3,1.78,188,137,61,1.71,1171,18.7,2.7,4,20.29
613,33,53.7,1.66,191,129,72,1.25,806,29.5,2.5,3,19.49
614,40,63,2,176,161,71,1.42,1257,26.8,2.9,4,15.75
615,28,128.4,1.86,173,158,71,1.06,921,23.6,3.3,4,37.11
616,29,88,1.89,199,137,54,1.75,1319,13.3,3.5,5,24.64
617,27,63.7,1.52,195,120,60,1.19,714,25.4,2.1,4,27.57
618,49,83.7,1.87,183,158,53,1.29,1009,23.9,2.3,4,23.94
619,33,102.6,1.75,186,140,53,1.4,1078,27.9,2.2,3,33.5
620,25,77.7,1.55,184,120,52,0.55,330,33,1.7,2,32.34
621,55,87.5,1.88,191,134,73,1.19,789,27.2,2.6,4,24.76
622,29,87,1.86,177,123,72,1.52,1028,11,3.5,4,25.15
623,41,82.8,1.66,177,139,74,1.97,1355,11.2,3.5,5,30.05
624,45,65.4,1.68,196,129,66,0.76,441,35,2.6,3,23.17
625,25,47.2,1.71,185,142,56,0.89,632,26,2.5,2,16.14
626,45,58.2,1.7,168,160,53,0.95,684,26.8,2,3,20.14
627,53,73.5,1.55,194,153,72,1.17,806,26.3,2.1,4,30.59
628,43,55.2,1.73,167,165,62,1.67,1240,16.6,2.7,5,18.44
629,25,64.4,1.71,179,167,61,1.12,935,27.1,1.8,3,22.02
630,45,73.5,1.74,181,152,50,1.18,807,30,2.3,4,24.28
631,45,89.6,1.81,178,153,70,1.7,1287,12.4,3.5,5,27.35
632,54,86.5,1.76,189,158,68,1.48,1158,29,3.4,3,27.92
633,58,46.1,1.67,187,129,70,1.28,743,25.3,1.8,4,16.53
634,53,68.5,1.97,194,139,69,1.3,894,23.2,2.1,3,17.65
635,44,94.6,1.84,170,120,67,1.26,748,26,3.1,4,27.94
636,34,54.2,1.52,190,132,60,1.13,746,31,2.2,3,23.46
637,26,47.7,1.77,198,120,69,1.15,759,24.8,2.7,3,15.23
638,50,52.2,1.84,195,124,52,1.38,847,28.2,3.1,4,15.42
639,37,88.8,1.95,189,135,66,1.58,1173,10.3,3.5,5,23.35
640,30,101,1.68,182,134,61,1.46,1076,28.2,2.9,4,35.79
641,45,118.4,1.95,178,168,59,1.06,881,24.9,2.4,3,31.14
642,46,47.9,1.72,171,147,57,1.41,933,26.3,2,3,16.19
643,30,51.5,1.74,174,150,64,1.08,810,33.9,2,3,17.01
644,52,79.9,1.51,190,142,54,0.75,479,31.5,2.6,3,35.04
645,23,121.3,1.85,196,167,53,0.72,661,21.6,3.6,2,35.44
646,35,78.9,1.64,196,164,70,1.28,1050,25.3,2.6,4,29.34
647,22,88.5,1.62,174,162,69,1.88,1675,10.7,3.5,5,33.72
648,42,73.5,1.63,188,136,68,0.52,350,26.1,3.2,3,27.66
649,19,127.9,1.93,185,168,70,1.27,1173,21.8,3,4,34.34
650,27,88.5,1.98,161,153,53,1.8,1515,11.1,3.5,4,22.57
651,47,43.4,1.62,179,132,64,0.51,303,25.3,2.3,3,16.54
652,22,42.8,1.56,174,133,66,1.47,978,32.2,2.6,3,17.59
653,50,64.5,1.79,163,130,61,1.17,753,28.1,2.4,4,20.13
654,18,50.7,1.53,181,147,52,1.29,948,33,2.1,3,21.66
655,35,59.2,1.66,197,161,59,1.3,1151,21.3,3.2,3,21.48
656,49,78.9,1.73,182,151,64,1.38,938,34,2.3,2,26.36
657,28,78.7,1.63,185,154,59,1.1,847,31.7,1.8,3,29.62
658,38,68.7,1.92,170,150,73,1.31,1081,29,3,4,18.64
659,43,53.1,1.59,187,136,72,0.82,502,29.5,2.5,2,21
660,42,64.8,1.65,161,166,67,1.1,904,24.4,2.8,3,23.8
661,39,50.3,1.61,167,128,50,1.17,749,32.8,2.5,2,19.41
662,44,102.3,1.63,188,129,52,1.34,856,20.9,2.6,4,38.5
663,30,62.9,1.92,170,127,70,1.13,789,25.2,3.6,2,17.06
664,50,56.5,1.6,196,140,61,1.88,1184,19.2,2.7,5,22.07
665,51,74.6,1.55,177,132,50,0.71,422,33.3,2.1,2,31.05
666,58,52,1.79,173,169,52,1.12,937,29.6,3,3,16.23
667,52,52.1,1.67,169,124,52,1.5,837,32,1.5,2,18.68
668,18,72.2,1.54,194,125,54,0.97,606,27.1,1.7,2,30.44
669,38,85.8,1.8,168,149,68,1.72,1410,10.1,3.5,4,26.48
670,23,81.4,1.85,194,150,74,1.6,1320,12.4,3.5,4,23.78
671,45,50.9,1.65,170,136,50,1.45,887,30.1,2.3,2,18.7
672,34,52,1.78,171,130,53,1.38,987,22.4,2.7,4,16.41
673,22,71,1.93,162,139,53,1.42,1086,21.2,2.9,4,19.06
674,48,80.6,1.77,198,167,66,1.51,1248,12.9,3.5,4,25.73
675,22,58.3,1.72,173,128,63,1,640,32.6,1.6,3,19.71
676,55,63,1.7,187,121,67,1.32,719,34.9,2.5,3,21.8
677,20,111,1.94,170,156,50,1.02,875,27.6,3.3,4,29.49
678,40,52.6,1.66,198,120,71,1.27,762,32.9,1.7,3,19.09
679,54,116.4,2,184,123,65,1.13,688,26.2,3.1,3,29.1
680,54,75.6,1.61,180,155,52,1.41,983,34.9,2.5,4,29.17
681,27,61.6,1.8,169,144,72,1.48,1172,26.4,3.1,2,19.01
682,27,108,1.8,174,122,70,1.38,926,28.6,2.5,4,33.33
683,36,59.3,1.75,178,128,58,0.99,634,34.5,2.3,3,19.36
684,34,75.7,1.94,181,141,72,1.18,915,29.3,2.4,4,20.11
685,38,56.3,1.6,180,142,53,1.21,859,28.8,1.9,4,21.99
686,31,58.2,1.73,191,131,70,1.17,766,25.8,1.8,3,19.45
687,26,55.7,1.68,182,129,54,1.13,802,21.7,2.9,3,19.73
688,18,125.9,1.67,172,153,60,1.46,1229,20.6,2.2,3,45.14
689,30,62.7,1.67,164,162,70,1.02,826,26.1,2.6,4,22.48
690,21,86.6,1.86,163,129,58,1.37,972,21.8,2.6,3,25.03
691,18,64.5,1.82,187,149,52,1.2,983,23.4,2.4,3,19.47
692,57,76.6,1.86,173,141,55,1.14,796,25.4,2.8,4,22.14
693,49,81.4,1.83,167,125,73,1.98,1225,13.6,3.5,5,24.31
694,51,60.7,1.71,168,169,60,1.14,954,22.1,2.5,2,20.76
695,45,57.2,1.55,194,121,58,1.67,909,18.4,2.7,5,23.81
696,48,73,1.59,196,149,64,1.19,798,32,2.1,3,28.88
697,25,123.8,1.99,180,121,72,1.13,752,25.6,2.6,3,31.26
698,56,93.6,1.66,177,151,52,1.37,1024,29,2.2,2,33.97
699,43,76.8,1.92,192,161,50,1.24,988,21.1,2.5,3,20.83
700,51,54.7,1.53,167,135,69,1.11,674,26.8,2,4,23.37
701,20,92.3,1.94,176,131,71,1.14,821,24.3,2.1,3,24.52
702,29,71.8,1.55,190,120,68,1.2,720,26.3,2.4,4,29.89
703,18,66.9,1.57,193,127,63,1.07,679,30.7,2.2,3,27.14
704,22,48.7,1.76,165,167,66,1.37,1144,29,2.2,4,15.72
705,47,66.2,1.71,181,169,71,1.42,1188,22.8,2.9,3,22.64
706,47,40,1.76,173,132,63,0.8,475,26.7,2.2,3,12.91
707,34,112.4,1.85,162,134,66,1.18,870,23.4,3.6,4,32.84
708,40,70,1.55,171,163,74,0.85,693,31.1,1.5,3,29.14
709,32,84,1.74,195,127,63,1.45,1013,25.8,2.1,3,27.74
710,54,43.8,1.65,171,129,61,1.29,749,26.6,1.7,4,16.09
711,38,123.3,1.62,161,165,65,1.34,1216,21.2,2.3,4,46.98
712,31,57.9,1.56,161,124,50,1.8,1116,15.1,2.7,5,23.79
713,19,82.4,1.96,174,169,62,1.9,1766,10.1,3.5,5,21.45
714,28,84.8,1.79,182,138,55,1.35,1025,28.8,2.3,4,26.47
715,56,109.6,1.66,188,166,66,1.29,1060,20.5,3.1,3,39.77
716,55,86.4,1.77,176,157,61,1,777,27.3,2.8,3,27.58
717,51,63.9,1.8,191,130,72,1.07,626,33.7,2.7,4,19.72
718,55,70.8,1.62,166,162,68,0.54,394,26,1.8,3,26.98
719,51,115.3,1.67,189,139,55,1.38,950,24.4,2.5,3,41.34
720,35,55.3,1.56,187,139,56,1.71,1188,19.8,2.7,5,22.72
721,47,73.9,1.8,173,140,50,1.36,942,28.3,3.7,3,22.81
722,32,97.3,1.96,189,137,50,1.36,1025,24.9,3.4,3,25.33
723,44,60.4,1.65,176,169,54,1.27,966,32.6,2.1,4,22.19
724,51,49.3,1.61,191,129,55,1.36,868,28.3,2.9,2,19.02
725,55,91.8,1.78,165,153,65,1.44,1091,23.5,3.4,3,28.97
726,50,73.6,1.55,183,145,74,0.89,581,33.9,2.1,3,30.63
727,41,47.1,1.78,165,149,65,1.26,929,24.7,2.4,3,14.87
728,32,65.2,1.62,186,128,63,0.58,408,25.3,3.4,2,24.84
729,47,87.2,1.64,177,165,50,2,1634,15,3.5,4,32.42
730,59,96.7,1.71,183,150,62,0.57,423,28.4,2.9,3,33.07
731,34,46.9,1.61,196,161,69,1.02,821,28.6,1.7,3,18.09
732,22,72.1,1.62,183,123,59,1.38,849,25.1,2.1,3,27.47
733,46,62.5,1.54,197,125,73,1.61,906,18.1,2.7,4,26.35
734,21,110.7,1.69,193,133,59,1.06,775,27,2.7,3,38.76
735,27,102.6,1.83,199,123,58,1.41,954,26.5,3.5,3,30.64
736,34,64.3,1.62,174,145,62,1.76,1276,19.8,2.7,5,24.5
737,27,80.7,1.61,170,166,52,1.75,1598,14.3,3.5,4,31.13
738,34,115.3,1.81,181,167,67,1.36,1249,24.5,2.2,2,35.19
739,37,87.8,1.69,183,158,69,1.81,1573,10.3,3.5,5,30.74
740,41,74.3,1.61,160,136,51,1.06,714,24.8,3.5,4,28.66
741,22,78.5,1.7,177,138,66,1.36,938,31.9,2.1,4,27.16
742,51,77.3,1.58,171,168,68,0.97,733,31.1,2,2,30.96
743,23,64.5,1.7,187,125,72,0.51,319,30.4,1.7,2,22.32
744,19,72,1.94,199,148,62,1.17,952,24.7,3.2,3,19.13
745,30,77.9,1.77,166,130,62,1.41,916,27.9,2.6,4,24.87
746,28,69.6,1.58,182,135,50,1.49,1006,27.8,2,3,27.88
747,40,68.9,1.99,180,149,51,1.16,951,25,2.4,4,17.4
748,33,45.9,1.89,193,144,50,1.45,1148,21.6,2.9,3,12.85
749,48,68.2,1.69,170,159,73,0.75,537,28.4,2.5,3,23.88
750,28,79.6,1.59,181,130,54,1.49,968,28.2,1.5,3,31.49
751,33,53.6,1.52,194,126,73,1.02,643,30.9,2.3,2,23.2
752,25,57.7,1.58,188,145,52,1.36,986,25.7,2.2,3,23.11
753,21,74.2,1.93,187,141,56,1.32,1024,28.3,2.5,3,19.92
754,57,64.4,1.56,177,144,73,1.52,985,17.8,2.7,5,26.46
755,21,54.9,1.78,173,138,71,0.55,380,31.7,2,2,17.33
756,42,50.3,1.64,177,150,62,0.63,468,27,2.4,3,18.7
757,20,46.5,1.68,187,145,72,0.91,660,27.9,2.4,2,16.48
758,49,57.8,1.99,183,161,67,0.93,741,24.7,3.1,3,14.6
759,20,83,1.8,167,160,73,0.79,695,29.6,2.9,2,25.62
760,44,82.5,1.79,167,155,70,1.51,1159,13.8,3.5,5,25.75
761,46,66.5,1.73,163,142,56,1.11,709,34.7,2,3,22.22
762,49,70.2,1.67,186,166,50,0.93,695,32.5,1.8,3,25.17
763,36,121.9,1.93,195,132,54,1.49,1082,21.8,3.4,3,32.73
764,38,70.3,1.52,164,144,66,1.19,857,25.6,2,4,30.43
765,22,40.3,1.56,192,121,57,1.45,877,30.8,2.1,4,16.56
766,35,101.4,1.76,193,121,64,0.84,559,23.6,2.9,2,32.74
767,45,79.2,1.95,189,135,69,1.47,982,22.8,2.8,3,20.83
768,59,75.8,1.77,167,128,53,1.46,841,33.1,1.8,3,24.19
769,39,71.7,1.88,198,147,51,0.55,445,23.7,2.2,2,20.29
770,38,57.7,1.56,185,132,54,1.64,1082,16.6,2.7,5,23.71
771,23,47.4,1.6,196,154,50,0.76,585,33.5,1.6,3,18.52
772,18,57.2,1.75,193,160,74,1.29,1032,33.5,2.4,3,18.68
773,22,44.8,1.72,166,132,54,1.48,977,28.6,1.8,4,15.14
774,58,90.2,1.72,199,150,55,0.9,668,28.3,2.1,2,30.49
775,29,84.9,1.72,187,140,51,1.79,1378,14.3,3.5,4,28.7
776,43,95.7,1.77,198,151,50,1.08,807,24.2,3.4,3,30.55
777,51,59,1.65,198,153,53,1.22,924,20.7,2.3,3,21.67
778,31,60.5,1.77,187,127,56,1.72,1092,15,2.7,4,19.31
779,43,53.8,1.72,173,160,71,1.03,742,30.2,2.3,4,18.19
780,44,86.6,1.97,197,167,50,1.66,1372,11.7,3.5,5,22.31
781,26,72.8,1.67,163,121,50,1.37,829,35,1.9,2,26.1
782,43,66.3,1.77,177,157,57,1.48,1046,32.7,1.7,4,21.16
783,39,56,1.6,184,151,69,0.89,672,32.6,2,2,21.87
784,47,45.9,1.93,166,159,65,1.29,1015,29.6,2,3,12.32
785,34,88,1.64,197,147,70,1.9,1536,14.4,3.5,4,32.72
786,43,94,1.79,187,156,62,1.31,1012,23.2,3.4,2,29.34
787,53,44.7,1.79,164,160,72,1.34,965,26.7,2.1,3,13.95
788,18,63.2,1.63,162,120,73,0.66,436,27.5,2.2,3,23.79
789,25,95.6,1.9,190,160,72,1.47,1294,23.8,2.4,4,26.48
790,52,47.8,1.86,179,129,67,1.01,645,24.7,2.8,3,13.82
791,32,85.3,1.64,178,123,69,1.77,1197,13.2,3.5,4,31.71
792,39,59.7,1.83,170,154,59,1.35,1143,29.1,2.3,4,17.83
793,31,70.2,1.98,199,129,61,0.71,504,24.2,2.5,2,17.91
794,43,72.7,1.8,162,166,50,0.79,590,32.8,2.1,3,22.44
795,45,50.4,1.79,182,130,59,0.74,433,27.7,2.5,2,15.73
796,40,81.7,1.74,166,133,58,0.91,666,27,2.7,2,26.99
797,31,49.3,1.62,182,157,52,0.56,484,20,3.2,2,18.79
798,41,61.9,1.64,166,131,68,1.93,1138,19.4,2.7,4,23.01
799,19,49.1,1.68,193,164,58,1.42,1164,25.3,2.6,4,17.4
800,43,66.5,1.83,178,136,59,1.11,747,27.1,2.4,3,19.86
801,31,75.5,1.93,168,135,68,0.6,446,20.5,3.4,2,20.27
802,24,88.2,1.79,177,154,65,1.76,1491,11.3,3.5,4,27.53
803,20,74.8,1.75,184,121,73,1.33,885,25,3.3,3,24.42
804,40,72.2,1.6,173,130,67,0.87,566,29.2,1.9,3,28.2
805,35,62.8,1.63,184,160,63,1.41,1241,21.9,3.7,4,23.64
806,55,84.7,1.79,178,122,52,1.19,719,23.3,2.4,3,26.43
807,52,116.5,1.69,198,148,51,0.53,388,27.3,2.4,2,40.79
808,32,77.4,1.92,174,137,50,1.39,1047,26.7,3.3,3,21
809,42,72.9,1.62,175,139,67,1.17,732,25.7,2,4,27.78
810,54,58.4,1.59,186,166,73,1.08,807,32.5,1.9,2,23.1
811,45,64.3,1.54,199,133,58,1.67,999,15.3,2.7,4,27.11
812,27,89.3,1.87,169,153,62,1.62,1363,12.7,3.5,5,25.54
813,56,90.2,1.61,163,168,51,1.38,1148,22.6,2.3,3,34.8
814,34,59,1.62,178,150,56,1.13,847,30.9,2.4,4,22.48
815,56,58.7,1.86,187,159,65,1.09,858,22.6,3.3,3,16.97
816,39,127.5,1.82,180,161,70,1.26,1116,29.8,3,3,38.49
817,43,68.6,1.52,173,137,68,1.42,875,28.1,2.6,4,29.69
818,42,56.7,1.53,192,149,74,1.07,717,27.4,1.9,3,24.22
819,34,64.5,1.78,169,144,64,1.33,958,27.8,1.8,4,20.36
820,30,61.6,1.52,178,138,71,1.78,1228,19.5,2.7,4,26.66
821,37,75.1,1.82,189,127,60,1.23,859,26.4,3.2,4,22.67
822,42,79.3,1.93,181,147,50,1.22,888,27.3,3.3,2,21.29
823,21,72.6,1.68,162,127,70,1.19,756,34.2,1.8,3,25.72
824,27,76.7,1.7,196,150,56,0.96,792,29.1,2.1,3,26.54
825,20,44.2,1.61,177,122,69,1.08,659,32.4,2.5,2,17.05
826,58,56.5,1.7,170,122,57,0.74,406,27,2.7,2,19.55
827,35,100.9,1.63,161,163,59,1.1,986,28.4,3.1,2,37.98
828,53,55.8,1.55,171,141,54,1.12,711,27,1.8,4,23.23
829,39,58.3,1.93,165,136,58,1.35,1010,27.4,3.7,4,15.65
830,51,48.6,1.77,199,155,74,1.47,1128,26.9,3.5,2,15.51
831,25,81.7,1.95,188,136,74,1.94,1451,13.8,3.5,4,21.49
832,57,85.6,1.69,189,133,50,1.76,1159,12.7,3.5,5,29.97
833,36,60,1.72,161,128,51,1.63,1043,18.2,2.7,5,20.28
834,59,126.4,1.69,168,149,68,1.24,915,29.5,2.9,3,44.26
835,58,75.4,1.78,161,140,63,1.05,662,26,2.5,4,23.8
836,54,64.2,1.69,188,131,69,1.69,996,16.5,2.7,4,22.48
837,23,65.2,1.62,192,156,59,1.37,1069,31.1,2.5,3,24.84
838,43,70.1,1.66,169,151,58,0.99,673,34.6,2.6,2,25.44
839,51,102.6,1.77,193,130,59,1.21,779,21,3.4,2,32.75
840,23,107.2,1.93,167,139,55,1.15,879,20.2,3.1,4,28.78
841,54,56.5,1.75,196,154,66,1.76,1220,15.3,2.7,5,18.45
842,50,61.6,1.75,192,166,74,1.22,911,25.5,2.2,4,20.11
843,39,81.7,1.75,165,165,55,1.32,1198,29.1,2.8,4,26.68
844,38,76.6,1.58,199,130,53,0.74,481,32.2,2.3,2,30.68
845,23,116.8,1.79,178,127,69,1,698,26.8,3.4,4,36.45
846,23,60.1,1.59,191,123,52,1.8,1107,17.6,2.7,4,23.77
847,21,93.7,1.73,186,146,72,1,803,27.8,3.6,2,31.31
848,47,41.6,1.58,160,163,68,1.03,756,26.6,2.1,4,16.66
849,28,55.1,1.79,192,159,67,1.99,1582,17,2.7,5,17.2
850,47,127.1,1.76,199,157,73,0.71,552,24.9,3,2,41.03
851,48,69.1,1.6,191,166,53,1.34,1001,26.1,2,4,26.99
852,41,66.8,1.74,164,149,57,1.34,898,29.2,2.3,3,22.06
853,26,125.5,1.76,176,163,66,1.15,1031,23.2,3.1,4,40.52
854,20,71.3,1.58,167,167,54,1.07,893,25.4,1.5,3,28.56
855,48,129.2,1.61,193,167,62,1.06,876,21.4,2.9,4,49.84
856,57,96.3,1.86,168,146,74,1.1,795,27.6,2.2,3,27.84
857,54,67.5,1.54,182,140,50,0.72,454,25.2,1.5,3,28.46
858,53,64.4,1.55,194,139,62,1.77,1107,19.7,2.7,4,26.81
859,41,64.9,1.57,166,123,53,1.04,576,25.9,2.4,4,26.33
860,48,52.3,1.66,174,130,71,0.74,433,33,1.8,3,18.98
861,23,56.7,1.55,179,132,73,1.38,911,34,1.9,4,23.6
862,19,46.8,1.63,184,128,63,1.35,864,34.4,1.6,4,17.61
863,37,70.3,1.77,162,123,52,1.01,621,33.7,1.7,2,22.44
864,45,80.8,1.76,183,131,54,1.7,1102,11.4,3.5,4,26.08
865,28,56,1.5,193,128,56,1.94,1242,16.7,2.7,5,24.89
866,21,101.2,1.84,181,132,50,1.3,944,24.3,3.3,2,29.89
867,32,56.6,1.57,170,167,72,1.65,1378,15.7,2.7,4,22.96
868,23,40.9,1.75,167,145,61,0.82,594,25.2,2.1,3,13.36
869,47,127.8,1.65,198,157,60,0.77,598,28.7,3.5,2,46.94
870,55,49.3,1.76,194,161,73,1.28,927,30.5,2,2,15.92
871,19,64.3,1.63,197,132,57,1.87,1234,18,2.7,5,24.2
872,32,49.3,1.62,167,158,74,1.18,1025,29.3,2.5,3,18.79
873,28,63,1.62,196,147,55,0.68,500,31.7,1.9,2,24.01
874,25,41.1,1.67,186,138,71,1.03,711,31.9,2.4,3,14.74
875,43,40.5,1.74,187,143,51,1.5,965,32.9,2.2,3,13.38
876,22,71,1.62,199,138,68,0.91,691,21.2,3.5,2,27.05
877,23,60.9,1.62,193,168,69,1.59,1336,16.8,2.7,5,23.21
878,43,64.7,1.66,191,132,69,1.88,1117,19.8,2.7,4,23.48
879,21,51,1.71,174,132,73,1.07,706,34.2,2.2,3,17.44
880,36,57.7,1.77,176,147,63,1.65,1213,19.4,2.7,4,18.42
881,37,76.9,1.82,192,121,50,1.49,992,24.5,2.8,4,23.22
882,50,80.5,1.77,175,129,59,1.85,1181,14.3,3.5,4,25.7
883,37,73.3,1.74,188,141,65,1.03,726,25.5,2.4,3,24.21
884,29,49,1.57,168,132,53,1.33,878,26.5,2.6,3,19.88
885,18,114.5,1.97,192,128,60,1.03,725,24.1,2.6,3,29.5
886,43,81,1.78,188,152,65,1.58,1189,12.4,3.5,5,25.56
887,31,53.5,1.76,172,133,69,1.22,811,27.6,1.8,4,17.27
888,55,52.1,1.68,180,167,50,0.77,637,23.6,3,3,18.46
889,54,70.1,1.52,180,139,65,0.76,475,26.6,2.1,2,30.34
890,28,86.9,1.78,164,134,68,1.29,951,24.9,3.7,4,27.43
891,53,73.4,1.76,169,151,70,1.09,815,27.9,2.8,3,23.7
892,30,90,1.66,165,152,71,1.32,1104,26.6,2.1,4,32.66
893,20,85.7,1.92,172,136,58,1.72,1287,10.5,3.5,5,23.25
894,50,70.4,1.55,160,143,58,0.73,470,29.9,2.7,2,29.3
895,23,57.7,1.71,179,149,58,1.15,942,27,3.4,3,19.73
896,27,75.7,1.76,167,132,66,0.68,494,25.3,2.3,3,24.44
897,22,61.8,1.52,169,166,61,1.83,1519,17,2.7,5,26.75
898,40,80.3,1.76,168,167,74,1.63,1497,13.1,3.5,5,25.92
899,27,104.3,1.68,162,135,62,1.28,950,29.7,3.5,3,36.95
900,19,65.7,1.58,170,121,57,1.46,883,25.9,1.9,3,26.32
901,30,120.3,1.96,171,136,65,0.66,494,23.9,2.6,2,31.32
902,57,51.9,1.57,169,151,67,1.05,713,29.1,2.6,3,21.06
903,19,59.1,1.57,184,162,50,1.65,1336,17.9,2.7,5,23.98
904,37,66.9,1.75,184,127,50,1.38,876,26.5,2.1,4,21.84
905,18,66.9,1.75,170,122,61,0.94,573,26.8,1.7,2,21.84
906,54,78.7,1.66,195,131,55,1.42,921,22.9,2.6,3,28.56
907,26,62.4,1.61,198,139,58,1.88,1307,19.8,2.7,4,24.07
908,34,102.1,1.71,185,135,72,0.96,713,27.3,3.2,2,34.92
909,26,51.9,2,173,133,54,0.75,549,26.6,2.3,2,12.97
910,28,58.3,2,198,135,65,1.32,980,28.2,3,4,14.57
911,32,89.8,1.92,199,168,67,1.93,1783,10.6,3.5,4,24.36
912,41,101.1,1.83,160,162,66,0.79,634,28.6,3.2,2,30.19
913,55,118.6,1.72,163,168,67,0.77,640,25.9,2.6,3,40.09
914,52,84.8,1.85,189,152,50,1.19,895,23.4,3.2,2,24.78
915,47,80,1.77,171,149,68,0.72,531,28.2,3.5,3,25.54
916,48,73.1,1.83,194,131,71,1.05,681,28,2.8,4,21.83
917,22,117.3,1.68,172,134,57,1.24,914,28.5,2.7,3,41.56
918,31,77.4,1.71,190,137,52,1.26,863,26.2,1.8,4,26.47
919,28,72.9,1.67,197,147,74,1.13,831,34.7,2.2,3,26.14
920,26,71.2,1.5,182,142,54,1.15,816,34.6,2.6,2,31.64
921,51,88.2,1.62,163,133,72,1.56,1027,11.8,3.5,4,33.61
922,29,75.6,1.8,175,149,57,1.31,976,25.7,1.9,4,23.33
923,52,57.9,1.56,166,152,68,1.66,1135,15.8,2.7,4,23.79
924,52,70.6,1.58,181,164,67,1.02,753,34.9,2,3,28.28
925,18,118.6,1.64,188,134,67,0.94,693,25.6,2.7,3,44.1
926,57,55.7,1.99,170,126,70,1.13,705,23.6,3,3,14.07
927,39,102.3,1.94,192,134,50,0.89,656,22.9,2.4,3,27.18
928,46,72.6,1.87,188,161,64,1.31,1044,22.6,3.4,4,20.76
929,25,63.8,1.68,198,165,67,0.95,784,31.6,1.9,2,22.6
930,28,67.3,1.67,171,157,74,0.61,479,29.2,2.3,3,24.13
931,58,59.3,1.58,166,165,56,1.97,1463,19.8,2.7,4,23.75
932,54,70.7,1.57,198,163,65,1.14,836,31.8,2.1,3,28.68
933,31,86.9,1.69,185,130,65,1.72,1230,14,3.5,4,30.43
934,47,98.2,1.9,199,148,64,0.76,557,22.9,3,3,27.2
935,52,63.6,1.62,168,150,55,1.3,965,20.8,2.3,4,24.23
936,38,45.2,1.68,193,144,58,1.01,727,29.9,2.4,3,16.01
937,54,117.2,1.62,172,143,56,1.04,736,23.1,2.3,4,44.66
938,22,107.4,1.74,195,138,63,1.34,1017,22,2.2,2,35.47
939,36,59.1,1.78,184,121,60,0.85,514,34.5,2.2,2,18.65
940,31,53.3,1.64,183,141,70,0.57,402,29.4,2.4,3,19.82
941,43,46.2,1.63,176,139,65,1.18,812,21.7,2.1,2,17.39
942,21,67,1.61,161,152,74,1.32,1104,22,2.1,3,25.85
943,42,86.3,1.77,172,127,55,1.77,1113,11.4,3.5,4,27.55
944,59,85.5,1.67,190,144,71,1.99,1418,15,3.5,5,30.66
945,42,70.2,1.87,188,165,65,1.38,1127,22.7,3.4,3,20.07
946,35,127.1,1.62,187,128,69,1.02,718,23.3,3.4,4,48.43
947,57,75.6,1.67,186,153,65,1.05,723,31.6,1.8,3,27.11
948,25,62.6,1.65,174,142,61,1.2,852,27.9,2.2,3,22.99
949,56,55.7,1.53,190,124,66,1.91,1066,16.1,2.7,5,23.79
950,57,96.1,1.74,199,144,54,1.21,862,21.6,2.8,3,31.74
951,31,76.7,1.62,174,127,74,1.39,883,28.1,2.3,4,29.23
952,49,57.2,1.89,192,135,62,1.14,762,21.1,3.5,2,16.01
953,55,69.9,1.81,179,167,57,1.2,992,20.2,2.1,4,21.34
954,50,67.9,1.77,171,164,73,1.03,760,33,2.4,3,21.67
955,40,87.9,1.87,196,134,54,1.96,1445,10.7,3.5,5,25.14
956,32,102.8,1.98,168,120,61,1.24,818,27.8,2.8,3,26.22
957,50,51.8,1.5,182,141,58,1.32,838,33,2.2,3,23.02
958,42,57.7,1.57,167,122,52,1.83,1005,17.7,2.7,4,23.41
959,34,66.5,1.69,191,157,52,0.81,636,28.1,2.3,3,23.28
960,50,95.4,1.61,173,133,50,1.16,764,21.5,3.6,4,36.8
961,19,69.2,1.6,186,155,74,1.17,907,32.4,1.6,3,27.03
962,31,66.6,1.67,184,137,71,1.02,699,31,1.5,4,23.88
963,57,83.4,1.65,172,166,67,1.57,1290,13.3,3.5,4,30.63
964,57,43.8,1.75,180,160,73,1.39,1001,25.1,1.7,2,14.3
965,56,64.2,1.69,190,137,61,1.99,1227,19.6,2.7,5,22.48
966,23,44.1,1.62,196,122,58,0.58,354,25.7,2.7,2,16.8
967,23,87.3,1.91,164,129,58,1.87,1327,11.8,3.5,5,23.93
968,20,55,1.6,172,168,67,1.12,1035,24,3.2,4,21.48
969,24,87.1,1.74,187,158,67,1.57,1364,10,3.5,4,28.77
970,25,66.6,1.61,184,166,56,1.38,1260,25,3,2,25.69
971,59,60.4,1.76,194,120,53,1.72,929,18.8,2.7,5,19.5
972,32,126.4,1.83,198,146,62,1.1,883,28.2,2.1,3,37.74
973,46,88.7,1.63,166,146,66,0.75,542,28.8,3.5,2,33.38
